{
  "name": "Iconic Stroke",
  "href": "iconic-stroke",
  "prefix": "iconicstroke",
  "lists": [
    {
      "name": "Icons",
      "icons":["hash","question-mark","at","pilcrow","info","arrow-left","arrow-up","arrow-right","arrow-down","home","sun-stroke","cloud","umbrella","star","moon-stroke","heart-stroke","cog","bolt","key-stroke","rain","denied","mail","pen","check","check-alt","x","x-alt","left-quote","right-quote","plus","minus","curved-arrow","document-alt-stroke","calendar","map-pin-alt","comment-alt1-stroke","comment-alt2-stroke","pen-alt-stroke","pen-alt2","chat-alt-stroke","plus-alt","minus-alt","bars-alt","book-alt","aperture-alt","beaker-alt","left-quote-alt","right-quote-alt","arrow-left-alt1","arrow-up-alt1","arrow-right-alt1","arrow-down-alt1","arrow-left-alt2","arrow-up-alt2","arrow-right-alt2","arrow-down-alt2","brush","brush-alt","eyedropper","layers","layers-alt","compass","award-stroke","beaker","steering-wheel","eye","aperture","image","chart","chart-alt","target","tag-stroke","rss","rss-alt","share","undo","reload","reload-alt","loop-alt1","loop-alt2","loop-alt3","loop-alt4","spin","spin-alt","move-horizontal","move-horizontal-alt1","move-horizontal-alt2","move-vertical","move-vertical-alt1","move-vertical-alt2","move","move-alt1","move-alt2","transfer","download","upload","cloud-download","cloud-upload","fork","play","play-alt","pause","stop","eject","first","last","fullscreen","fullscreen-alt","fullscreen-exit","fullscreen-exit-alt","equalizer","article","read-more","list","list-nested","cursor","dial","new-window","trash-stroke","battery-half","battery-empty","battery-charging","chat","mic","movie","headphones","user","lightbulb","cd","folder-stroke","document-stroke","pin","map-pin-stroke","book","book-alt2","box","calendar-alt-stroke","comment-stroke","iphone","bars","camera","volume-mute","volume","battery-full","magnifying-glass","lock-stroke","unlock-stroke","link","wrench","clock","paperclip"]
    }
  ]
}

